{
  "Ansi 5 Color" : {
    "Red Component" : 0.70588240000000002,
    "Color Space" : "sRGB",
    "Blue Component" : 0.67843140000000002,
    "Green Component" : 0.55686279999999999
  },
  "Tags" : [

  ],
  "Ansi 12 Color" : {
    "Red Component" : 0.65490199999999998,
    "Color Space" : "sRGB",
    "Blue Component" : 0.72941180000000005,
    "Green Component" : 0.67843140000000002
  },
  "Right Option Key Sends" : 0,
  "Ansi 7 Color" : {
    "Red Component" : 0.75294119999999998,
    "Color Space" : "sRGB",
    "Blue Component" : 0.80784314999999995,
    "Green Component" : 0.77254902999999997
  },
  "Bold Color" : {
    "Red Component" : 0.75294119999999998,
    "Color Space" : "sRGB",
    "Blue Component" : 0.80784314999999995,
    "Green Component" : 0.77254902999999997
  },
  "Ansi 8 Color" : {
    "Red Component" : 0.39607843999999998,
    "Color Space" : "sRGB",
    "Blue Component" : 0.49411765000000002,
    "Green Component" : 0.4509804
  },
  "Ansi 9 Color" : {
    "Red Component" : 0.81568629999999998,
    "Color Space" : "sRGB",
    "Blue Component" : 0.43921569999999999,
    "Green Component" : 0.52941179999999999
  },
  "Ansi 6 Color" : {
    "Red Component" : 0.58823530000000002,
    "Color Space" : "sRGB",
    "Blue Component" : 0.70588240000000002,
    "Green Component" : 0.70980394000000002
  },
  "Rows" : 30,
  "Default Bookmark" : "No",
  "Ansi 4 Color" : {
    "Red Component" : 0.56078433999999999,
    "Color Space" : "sRGB",
    "Blue Component" : 0.70196080000000005,
    "Green Component" : 0.63137259999999995
  },
  "Cursor Guide Color" : {
    "Red Component" : 0.70213186740875244,
    "Color Space" : "sRGB",
    "Blue Component" : 1,
    "Alpha Component" : 0.25,
    "Green Component" : 0.9268307089805603
  },
  "Non-ASCII Anti Aliased" : true,
  "Use Bright Bold" : true,
  "Ansi 10 Color" : {
    "Red Component" : 0.20392157,
    "Color Space" : "sRGB",
    "Blue Component" : 0.27450982000000002,
    "Green Component" : 0.23921569000000001
  },
  "Ambiguous Double Width" : false,
  "Jobs to Ignore" : [
    "rlogin",
    "ssh",
    "slogin",
    "telnet"
  ],
  "Ansi 15 Color" : {
    "Red Component" : 0.9372549,
    "Color Space" : "sRGB",
    "Blue Component" : 0.96078430000000004,
    "Green Component" : 0.94509803999999997
  },
  "Foreground Color" : {
    "Red Component" : 0.75294119999999998,
    "Color Space" : "sRGB",
    "Blue Component" : 0.80784314999999995,
    "Green Component" : 0.77254902999999997
  },
  "Bound Hosts" : [

  ],
  "Working Directory" : "\/Users\/mikemattner",
  "Blinking Cursor" : true,
  "Use Tab Color" : false,
  "Sync Title" : false,
  "Prompt Before Closing 2" : false,
  "BM Growl" : true,
  "Command" : "",
  "Description" : "Default",
  "Smart Cursor Color" : false,
  "Disable Window Resizing" : true,
  "Screen" : -1,
  "Selection Color" : {
    "Red Component" : 0.30980393000000001,
    "Color Space" : "sRGB",
    "Blue Component" : 0.40000000000000002,
    "Green Component" : 0.35686275000000001
  },
  "Mouse Reporting" : true,
  "Only The Default BG Color Uses Transparency" : true,
  "Columns" : 120,
  "Idle Code" : 0,
  "Ansi 13 Color" : {
    "Red Component" : 0.8745098,
    "Color Space" : "sRGB",
    "Blue Component" : 0.9098039,
    "Green Component" : 0.88235295000000002
  },
  "Custom Command" : "No",
  "ASCII Anti Aliased" : true,
  "Non Ascii Font" : "Monaco 12",
  "Vertical Spacing" : 1.08752000188253,
  "Use Bold Font" : true,
  "Option Key Sends" : 0,
  "Selected Text Color" : {
    "Red Component" : 0.75294119999999998,
    "Color Space" : "sRGB",
    "Blue Component" : 0.80784314999999995,
    "Green Component" : 0.77254902999999997
  },
  "Background Color" : {
    "Red Component" : 0.10588235294117647,
    "Color Space" : "sRGB",
    "Blue Component" : 0.20392156862745098,
    "Alpha Component" : 1,
    "Green Component" : 0.16862745098039217
  },
  "Character Encoding" : 4,
  "Ansi 11 Color" : {
    "Red Component" : 0.30980393000000001,
    "Color Space" : "sRGB",
    "Blue Component" : 0.40000000000000002,
    "Green Component" : 0.35686275000000001
  },
  "Use Italic Font" : true,
  "Unlimited Scrollback" : false,
  "Keyboard Map" : {
    "0xf700-0x260000" : {
      "Action" : 10,
      "Text" : "[1;6A"
    },
    "0x37-0x40000" : {
      "Action" : 11,
      "Text" : "0x1f"
    },
    "0x32-0x40000" : {
      "Action" : 11,
      "Text" : "0x00"
    },
    "0xf709-0x20000" : {
      "Action" : 10,
      "Text" : "[17;2~"
    },
    "0xf70c-0x20000" : {
      "Action" : 10,
      "Text" : "[20;2~"
    },
    "0xf729-0x20000" : {
      "Action" : 10,
      "Text" : "[1;2H"
    },
    "0xf72b-0x40000" : {
      "Action" : 10,
      "Text" : "[1;5F"
    },
    "0xf705-0x20000" : {
      "Action" : 10,
      "Text" : "[1;2Q"
    },
    "0xf703-0x260000" : {
      "Action" : 10,
      "Text" : "[1;6C"
    },
    "0xf700-0x220000" : {
      "Action" : 10,
      "Text" : "[1;2A"
    },
    "0xf701-0x280000" : {
      "Action" : 11,
      "Text" : "0x1b 0x1b 0x5b 0x42"
    },
    "0x38-0x40000" : {
      "Action" : 11,
      "Text" : "0x7f"
    },
    "0x33-0x40000" : {
      "Action" : 11,
      "Text" : "0x1b"
    },
    "0xf703-0x220000" : {
      "Action" : 10,
      "Text" : "[1;2C"
    },
    "0xf701-0x240000" : {
      "Action" : 10,
      "Text" : "[1;5B"
    },
    "0xf70d-0x20000" : {
      "Action" : 10,
      "Text" : "[21;2~"
    },
    "0xf702-0x260000" : {
      "Action" : 10,
      "Text" : "[1;6D"
    },
    "0xf729-0x40000" : {
      "Action" : 10,
      "Text" : "[1;5H"
    },
    "0xf706-0x20000" : {
      "Action" : 10,
      "Text" : "[1;2R"
    },
    "0x34-0x40000" : {
      "Action" : 11,
      "Text" : "0x1c"
    },
    "0xf700-0x280000" : {
      "Action" : 11,
      "Text" : "0x1b 0x1b 0x5b 0x41"
    },
    "0x2d-0x40000" : {
      "Action" : 11,
      "Text" : "0x1f"
    },
    "0xf70e-0x20000" : {
      "Action" : 10,
      "Text" : "[23;2~"
    },
    "0xf702-0x220000" : {
      "Action" : 10,
      "Text" : "[1;2D"
    },
    "0xf703-0x280000" : {
      "Action" : 11,
      "Text" : "0x1b 0x1b 0x5b 0x43"
    },
    "0xf700-0x240000" : {
      "Action" : 10,
      "Text" : "[1;5A"
    },
    "0xf707-0x20000" : {
      "Action" : 10,
      "Text" : "[1;2S"
    },
    "0xf70a-0x20000" : {
      "Action" : 10,
      "Text" : "[18;2~"
    },
    "0x35-0x40000" : {
      "Action" : 11,
      "Text" : "0x1d"
    },
    "0xf70f-0x20000" : {
      "Action" : 10,
      "Text" : "[24;2~"
    },
    "0xf703-0x240000" : {
      "Action" : 10,
      "Text" : "[1;5C"
    },
    "0xf701-0x260000" : {
      "Action" : 10,
      "Text" : "[1;6B"
    },
    "0xf702-0x280000" : {
      "Action" : 11,
      "Text" : "0x1b 0x1b 0x5b 0x44"
    },
    "0xf72b-0x20000" : {
      "Action" : 10,
      "Text" : "[1;2F"
    },
    "0x36-0x40000" : {
      "Action" : 11,
      "Text" : "0x1e"
    },
    "0xf708-0x20000" : {
      "Action" : 10,
      "Text" : "[15;2~"
    },
    "0xf701-0x220000" : {
      "Action" : 10,
      "Text" : "[1;2B"
    },
    "0xf70b-0x20000" : {
      "Action" : 10,
      "Text" : "[19;2~"
    },
    "0xf702-0x240000" : {
      "Action" : 10,
      "Text" : "[1;5D"
    },
    "0xf704-0x20000" : {
      "Action" : 10,
      "Text" : "[1;2P"
    }
  },
  "Window Type" : 0,
  "Blur Radius" : 30,
  "Background Image Location" : "",
  "Blur" : true,
  "Badge Color" : {
    "Red Component" : 1,
    "Color Space" : "sRGB",
    "Blue Component" : 0,
    "Alpha Component" : 0.5,
    "Green Component" : 0.1491314172744751
  },
  "Scrollback Lines" : 1000,
  "Send Code When Idle" : false,
  "Close Sessions On End" : true,
  "Terminal Type" : "xterm-256color",
  "Visual Bell" : true,
  "Flashing Bell" : false,
  "Underline Color" : {
    "Red Component" : 0.10588235294117647,
    "Color Space" : "sRGB",
    "Blue Component" : 0.20392156862745098,
    "Alpha Component" : 1,
    "Green Component" : 0.16862745098039217
  },
  "Silence Bell" : false,